model,source_repository,schema,model_type,completeness_tier,applicable_rules,target_count,pass_count,model_readiness_index
AdvancedProject-40ecb9ba,BIM Whale IFC samples,IFC2X3,architecture,complete-ish,10,10553,9779,0.926655927224486
Building-Architecture-05a38989,buildingSMART Sample-Test-Files,IFC4,architecture,sample-fragment,8,79,71,0.8987341772151899
Building-Architecture-bed38e50,buildingSMART Sample-Test-Files,IFC4X3,architecture,sample-fragment,8,79,69,0.8734177215189873
Building-Hvac-16b09e18,buildingSMART Sample-Test-Files,IFC4,mep,sample-fragment,5,26,24,0.9230769230769231
Building-Hvac-62b989f4,buildingSMART Sample-Test-Files,IFC4X3,mep,sample-fragment,5,26,24,0.9230769230769231
Building-Landscaping-289b45cb,buildingSMART Sample-Test-Files,IFC4,test-fragment,sample-fragment,5,30,27,0.9
Building-Landscaping-39c57699,buildingSMART Sample-Test-Files,IFC4X3,test-fragment,sample-fragment,5,30,27,0.9
Building-Structural-bf027ebb,buildingSMART Sample-Test-Files,IFC4X3,structure,sample-fragment,7,88,81,0.9204545454545454
Building-Structural-c56df51f,buildingSMART Sample-Test-Files,IFC4,structure,sample-fragment,7,88,81,0.9204545454545454
IDS-wooden-windows-IFC-0170197e,buildingSMART IDS repository,IFC2X3,ids-example,test-fragment,9,56,56,1.0
Infra-Bridge-8b897973,buildingSMART Sample-Test-Files,IFC4X3,infrastructure,sample-fragment,7,234,224,0.9572649572649573
Infra-Bridge-ff9e1a11,buildingSMART Sample-Test-Files,IFC4,infrastructure,sample-fragment,7,262,252,0.9618320610687023
Infra-Landscaping-16c587c8,buildingSMART Sample-Test-Files,IFC4X3,infrastructure,sample-fragment,5,456,443,0.9714912280701754
Infra-Landscaping-68f2e02e,buildingSMART Sample-Test-Files,IFC4,infrastructure,sample-fragment,5,456,443,0.9714912280701754
Infra-Plumbing-5669ddaf,buildingSMART Sample-Test-Files,IFC4,mep,sample-fragment,5,122,116,0.9508196721311475
Infra-Plumbing-ee916895,buildingSMART Sample-Test-Files,IFC4X3,mep,sample-fragment,5,122,116,0.9508196721311475
Infra-Rail-67613476,buildingSMART Sample-Test-Files,IFC4,infrastructure,sample-fragment,5,306,300,0.9803921568627451
Infra-Rail-b34c4d51,buildingSMART Sample-Test-Files,IFC4X3,infrastructure,sample-fragment,5,306,300,0.9803921568627451
Infra-Road-07399c32,buildingSMART Sample-Test-Files,IFC4X3,infrastructure,sample-fragment,5,226,200,0.8849557522123894
Infra-Road-2394f788,buildingSMART Sample-Test-Files,IFC4,infrastructure,sample-fragment,6,258,252,0.9767441860465116
basin-tessellation-e766253d,buildingSMART Sample-Test-Files,IFC4,test-fragment,test-fragment,4,4,3,0.75
column-straight-rectangle-tessellation-845c5267,buildingSMART Sample-Test-Files,IFC4,test-fragment,test-fragment,6,6,4,0.6666666666666666
fail-a-classification-facet-with-no-data-matches-any-cla-50cb3825,buildingSMART IDS repository,IFC4,ids-validator-testcase,test-fragment,6,21,4,0.19047619047619047
fail-a-constituent-set-with-no-data-will-fail-a-value-ch-0611eb18,buildingSMART IDS repository,IFC4,ids-validator-testcase,test-fragment,6,6,2,0.3333333333333333
fail-a-group-entity-must-match-exactly-1-2-275a3899,buildingSMART IDS repository,IFC4,ids-validator-testcase,test-fragment,4,4,1,0.25
fail-a-logical-unknown-is-considered-false-and-will-not--0e679298,buildingSMART IDS repository,IFC4,ids-validator-testcase,test-fragment,6,6,1,0.16666666666666666
fail-a-material-list-with-no-data-will-fail-a-value-chec-b6223d23,buildingSMART IDS repository,IFC4,ids-validator-testcase,test-fragment,6,6,2,0.3333333333333333
fail-a-minimal-ids-can-check-a-minimal-ifc-1-2-17906ac8,buildingSMART IDS repository,IFC4,ids-validator-testcase,test-fragment,6,12,3,0.25
fail-a-non-aggregated-element-fails-an-aggregate-relatio-e08e7eae,buildingSMART IDS repository,IFC4,ids-validator-testcase,test-fragment,6,10,2,0.2
fail-a-non-grouped-element-fails-a-group-relationship-2020d94b,buildingSMART IDS repository,IFC4,ids-validator-testcase,test-fragment,4,4,1,0.25
fail-a-null-predefined-type-should-always-fail-a-specifi-86dd0564,buildingSMART IDS repository,IFC4,ids-validator-testcase,test-fragment,6,6,1,0.16666666666666666
fail-a-predefined-type-from-an-enumeration-must-be-upper-adf37778,buildingSMART IDS repository,IFC4,ids-validator-testcase,test-fragment,6,6,2,0.3333333333333333
fail-a-prohibited-facet-returns-the-opposite-of-a-requir-08c96f95,buildingSMART IDS repository,IFC4,ids-validator-testcase,test-fragment,6,6,2,0.3333333333333333
fail-a-prohibited-facet-returns-the-opposite-of-a-requir-151b4768,buildingSMART IDS repository,IFC4,ids-validator-testcase,test-fragment,6,6,1,0.16666666666666666
fail-a-prohibited-facet-returns-the-opposite-of-a-requir-6f217fd6,buildingSMART IDS repository,IFC4,ids-validator-testcase,test-fragment,6,10,3,0.3
fail-a-prohibited-facet-returns-the-opposite-of-a-requir-bb95a2f3,buildingSMART IDS repository,IFC4,ids-validator-testcase,test-fragment,6,21,4,0.19047619047619047
fail-a-prohibited-facet-returns-the-opposite-of-a-requir-e336f44c,buildingSMART IDS repository,IFC4,ids-validator-testcase,test-fragment,6,6,2,0.3333333333333333
fail-a-required-classification-system-fails-if-no-match-2a15ab64,buildingSMART IDS repository,IFC4,ids-validator-testcase,test-fragment,6,21,4,0.19047619047619047
fail-a-specification-passes-only-if-all-requirements-pas-d03c5eb2,buildingSMART IDS repository,IFC4,ids-validator-testcase,test-fragment,6,6,2,0.3333333333333333
fail-all-matching-properties-must-satisfy-requirements-3-3b382d0e,buildingSMART IDS repository,IFC4,ids-validator-testcase,test-fragment,6,6,1,0.16666666666666666
fail-all-matching-property-sets-must-satisfy-requirement-6d28f073,buildingSMART IDS repository,IFC4,ids-validator-testcase,test-fragment,6,6,1,0.16666666666666666
fail-an-aggregate-may-specify-the-entity-of-the-whole-2--5647135b,buildingSMART IDS repository,IFC4,ids-validator-testcase,test-fragment,5,10,3,0.3
fail-an-aggregate-may-specify-the-predefined-type-of-the-0037884d,buildingSMART IDS repository,IFC4,ids-validator-testcase,test-fragment,5,10,4,0.4
fail-an-empty-string-is-considered-false-and-will-not-pa-38a3e232,buildingSMART IDS repository,IFC4,ids-validator-testcase,test-fragment,6,6,1,0.16666666666666666
fail-an-entity-not-matching-a-specified-predefined-type--ab83a0dd,buildingSMART IDS repository,IFC4,ids-validator-testcase,test-fragment,6,6,2,0.3333333333333333
fail-an-enumeration-matches-case-sensitively-3-3-f2293b9b,buildingSMART IDS repository,IFC4,ids-validator-testcase,test-fragment,6,6,2,0.3333333333333333
fail-an-enumeration-matches-case-sensitively-4-3-d1edc486,buildingSMART IDS repository,IFC4,ids-validator-testcase,test-fragment,6,6,2,0.3333333333333333
fail-an-optional-attribute-fails-if-empty-cd8b975d,buildingSMART IDS repository,IFC4,ids-validator-testcase,test-fragment,6,6,1,0.16666666666666666
fail-an-optional-classification-value-fails-if-no-match-d53ce3e0,buildingSMART IDS repository,IFC4,ids-validator-testcase,test-fragment,6,6,1,0.16666666666666666
fail-an-optional-material-fails-if-no-value-matches-11eb2d09,buildingSMART IDS repository,IFC4,ids-validator-testcase,test-fragment,6,6,2,0.3333333333333333
fail-any-contained-element-passes-a-containment-relation-8a19ec40,buildingSMART IDS repository,IFC4,ids-validator-testcase,test-fragment,5,7,1,0.14285714285714285
fail-any-matching-value-in-a-bounded-property-will-pass--592b4614,buildingSMART IDS repository,IFC4,ids-validator-testcase,test-fragment,6,6,1,0.16666666666666666
fail-any-matching-value-in-a-list-property-will-pass-3-3-fac74f9e,buildingSMART IDS repository,IFC4,ids-validator-testcase,test-fragment,6,6,1,0.16666666666666666
fail-any-matching-value-in-a-table-property-will-pass-3--f1441267,buildingSMART IDS repository,IFC4,ids-validator-testcase,test-fragment,6,6,1,0.16666666666666666
fail-any-nested-whole-fails-a-nest-relationship-063aed0e,buildingSMART IDS repository,IFC4,ids-validator-testcase,test-fragment,4,8,2,0.25
fail-attributes-are-not-inherited-by-the-occurrence-7665b97c,buildingSMART IDS repository,IFC4,ids-validator-testcase,test-fragment,6,6,2,0.3333333333333333
fail-attributes-should-check-strings-case-sensitively-2--787c6062,buildingSMART IDS repository,IFC4,ids-validator-testcase,test-fragment,6,6,2,0.3333333333333333
fail-attributes-with-an-empty-list-always-fail-76240ec0,buildingSMART IDS repository,IFC4,ids-validator-testcase,test-fragment,6,12,2,0.16666666666666666
fail-attributes-with-empty-strings-always-fail-a2dedfc3,buildingSMART IDS repository,IFC4,ids-validator-testcase,test-fragment,6,6,1,0.16666666666666666
fail-attributes-with-null-values-always-fail-4d8d2fdc,buildingSMART IDS repository,IFC4,ids-validator-testcase,test-fragment,6,6,1,0.16666666666666666
fail-booleans-must-be-specified-as-lowercase-strings-1-3-a3b2b01e,buildingSMART IDS repository,IFC4,ids-validator-testcase,test-fragment,6,6,1,0.16666666666666666
fail-both-system-and-value-must-match-all-not-any-if-spe-853dac37,buildingSMART IDS repository,IFC4,ids-validator-testcase,test-fragment,6,21,4,0.19047619047619047
fail-comparison-tolerance-for-floating-point-negative-hi-00e9f123,buildingSMART IDS repository,IFC4,ids-validator-testcase,test-fragment,6,6,1,0.16666666666666666
fail-comparison-tolerance-for-floating-point-negative-hi-175a3d4a,buildingSMART IDS repository,IFC4,ids-validator-testcase,test-fragment,6,6,1,0.16666666666666666
fail-comparison-tolerance-for-floating-point-negative-lo-57faa52e,buildingSMART IDS repository,IFC4,ids-validator-testcase,test-fragment,6,6,1,0.16666666666666666
fail-comparison-tolerance-for-floating-point-negative-lo-e2cb5ed7,buildingSMART IDS repository,IFC4,ids-validator-testcase,test-fragment,6,6,1,0.16666666666666666
fail-comparison-tolerance-for-floating-point-negative-on-474f3698,buildingSMART IDS repository,IFC4,ids-validator-testcase,test-fragment,6,6,1,0.16666666666666666
fail-comparison-tolerance-for-floating-point-negative-on-7cc642ff,buildingSMART IDS repository,IFC4,ids-validator-testcase,test-fragment,6,6,1,0.16666666666666666
fail-comparison-tolerance-for-floating-point-one-lower-b-a91ec57d,buildingSMART IDS repository,IFC4,ids-validator-testcase,test-fragment,6,6,1,0.16666666666666666
fail-comparison-tolerance-for-floating-point-one-upper-b-5d28206b,buildingSMART IDS repository,IFC4,ids-validator-testcase,test-fragment,6,6,1,0.16666666666666666
fail-comparison-tolerance-for-floating-point-positive-hi-004ddf23,buildingSMART IDS repository,IFC4,ids-validator-testcase,test-fragment,6,6,1,0.16666666666666666
fail-comparison-tolerance-for-floating-point-positive-hi-a404c2d2,buildingSMART IDS repository,IFC4,ids-validator-testcase,test-fragment,6,6,1,0.16666666666666666
fail-comparison-tolerance-for-floating-point-positive-lo-1a2f258f,buildingSMART IDS repository,IFC4,ids-validator-testcase,test-fragment,6,6,1,0.16666666666666666
fail-comparison-tolerance-for-floating-point-positive-lo-ab3c87f4,buildingSMART IDS repository,IFC4,ids-validator-testcase,test-fragment,6,6,1,0.16666666666666666
fail-comparison-tolerance-for-floating-point-range-great-4c5c625f,buildingSMART IDS repository,IFC4,ids-validator-testcase,test-fragment,6,6,1,0.16666666666666666
fail-comparison-tolerance-for-floating-point-range-great-fd6f11dc,buildingSMART IDS repository,IFC4,ids-validator-testcase,test-fragment,6,6,1,0.16666666666666666
fail-comparison-tolerance-for-floating-point-range-lower-0dc94b07,buildingSMART IDS repository,IFC4,ids-validator-testcase,test-fragment,6,6,1,0.16666666666666666
fail-comparison-tolerance-for-floating-point-range-lower-347c42b4,buildingSMART IDS repository,IFC4,ids-validator-testcase,test-fragment,6,6,1,0.16666666666666666
fail-comparison-tolerance-for-floating-point-zero-lower--9b8b1921,buildingSMART IDS repository,IFC4,ids-validator-testcase,test-fragment,6,6,1,0.16666666666666666
fail-comparison-tolerance-for-floating-point-zero-upper--d2438f53,buildingSMART IDS repository,IFC4,ids-validator-testcase,test-fragment,6,6,1,0.16666666666666666
fail-complex-properties-are-not-supported-1-2-4ddb7bb2,buildingSMART IDS repository,IFC4,ids-validator-testcase,test-fragment,6,6,1,0.16666666666666666
fail-complex-properties-are-not-supported-2-2-595bfca2,buildingSMART IDS repository,IFC4,ids-validator-testcase,test-fragment,6,6,1,0.16666666666666666
fail-dates-are-treated-as-strings-2-2-a1175535,buildingSMART IDS repository,IFC4,ids-validator-testcase,test-fragment,6,6,1,0.16666666666666666
fail-durations-are-treated-as-strings-1-2-4e7f6c96,buildingSMART IDS repository,IFC4,ids-validator-testcase,test-fragment,6,6,1,0.16666666666666666
fail-elements-with-a-matching-pset-but-no-property-also--f9ee608f,buildingSMART IDS repository,IFC4,ids-validator-testcase,test-fragment,6,6,1,0.16666666666666666
fail-elements-with-no-properties-always-fail-9a443418,buildingSMART IDS repository,IFC4,ids-validator-testcase,test-fragment,6,6,1,0.16666666666666666
fail-elements-without-a-material-always-fail-40ec12aa,buildingSMART IDS repository,IFC4,ids-validator-testcase,test-fragment,6,6,1,0.16666666666666666
fail-ids-does-not-handle-string-truncation-such-as-for-i-5385bfc4,buildingSMART IDS repository,IFC4,ids-validator-testcase,test-fragment,6,6,1,0.16666666666666666
fail-if-multiple-properties-are-matched-all-values-must--7aab0d25,buildingSMART IDS repository,IFC4,ids-validator-testcase,test-fragment,6,6,1,0.16666666666666666
fail-length-checks-can-be-used-1-2-88f9cec6,buildingSMART IDS repository,IFC4,ids-validator-testcase,test-fragment,6,6,2,0.3333333333333333
fail-material-with-no-data-will-fail-a-value-check-134e5987,buildingSMART IDS repository,IFC4,ids-validator-testcase,test-fragment,6,6,2,0.3333333333333333
fail-max-and-min-length-checks-can-be-used-1-3-97418f2b,buildingSMART IDS repository,IFC4,ids-validator-testcase,test-fragment,6,6,2,0.3333333333333333
fail-max-and-min-length-checks-can-be-used-4-3-d27e83cc,buildingSMART IDS repository,IFC4,ids-validator-testcase,test-fragment,6,6,2,0.3333333333333333
fail-measures-are-used-to-specify-an-ifc-data-type-1-2-09b927da,buildingSMART IDS repository,IFC4,ids-validator-testcase,test-fragment,6,6,1,0.16666666666666666
fail-no-matching-value-in-an-enumerated-property-will-fa-f2e9103b,buildingSMART IDS repository,IFC4,ids-validator-testcase,test-fragment,6,6,1,0.16666666666666666
fail-occurrences-override-the-type-classification-per-sy-1611b298,buildingSMART IDS repository,IFC4,ids-validator-testcase,test-fragment,6,6,3,0.5
fail-predefined-properties-are-supported-but-discouraged-2fa70912,buildingSMART IDS repository,IFC4,ids-validator-testcase,test-fragment,7,7,1,0.14285714285714285
fail-prohibited-specifications-fails-if-the-applicabilit-822dbced,buildingSMART IDS repository,IFC4,ids-validator-testcase,test-fragment,6,6,2,0.3333333333333333
fail-properties-can-be-associated-to-relevant-object-typ-877e6881,buildingSMART IDS repository,IFC4,ids-validator-testcase,test-fragment,7,25,19,0.76
fail-properties-can-be-overriden-by-an-occurrence-2-2-b605279f,buildingSMART IDS repository,IFC4,ids-validator-testcase,test-fragment,6,6,2,0.3333333333333333
fail-properties-with-a-null-value-fail-0f640fa3,buildingSMART IDS repository,IFC4,ids-validator-testcase,test-fragment,6,6,1,0.16666666666666666
fail-quantities-must-also-match-the-appropriate-measure-6682eb9d,buildingSMART IDS repository,IFC4,ids-validator-testcase,test-fragment,6,6,1,0.16666666666666666
fail-reference-properties-are-treated-as-objects-and-not-3a5df208,buildingSMART IDS repository,IFC4,ids-validator-testcase,test-fragment,6,6,1,0.16666666666666666
fail-regex-patterns-can-be-used-3-3-4dd8939d,buildingSMART IDS repository,IFC4,ids-validator-testcase,test-fragment,6,6,2,0.3333333333333333
fail-regex-patterns-work-in-OR-3-3-6f0bd19c,buildingSMART IDS repository,IFC4,ids-validator-testcase,test-fragment,6,6,2,0.3333333333333333
fail-required-specifications-need-at-least-one-applicabl-40bb672b,buildingSMART IDS repository,IFC4,ids-validator-testcase,test-fragment,5,5,2,0.4
fail-restrictions-can-be-specified-for-the-predefined-ty-026a6bbd,buildingSMART IDS repository,IFC4,ids-validator-testcase,test-fragment,6,6,2,0.3333333333333333
fail-restrictions-can-be-used-for-systems-1-2-ca553fc7,buildingSMART IDS repository,IFC4,ids-validator-testcase,test-fragment,6,21,4,0.19047619047619047
fail-restrictions-can-be-used-for-values-3-3-fee62ed4,buildingSMART IDS repository,IFC4,ids-validator-testcase,test-fragment,6,21,4,0.19047619047619047
fail-specifying-a-value-fails-against-different-values-16e07819,buildingSMART IDS repository,IFC4,ids-validator-testcase,test-fragment,6,6,1,0.16666666666666666
fail-specifying-a-value-performs-a-case-sensitive-match--ecb46d17,buildingSMART IDS repository,IFC4,ids-validator-testcase,test-fragment,6,6,1,0.16666666666666666
fail-systems-should-match-exactly-2-5-0489d540,buildingSMART IDS repository,IFC4,ids-validator-testcase,test-fragment,6,21,4,0.19047619047619047
fail-the-aggregated-whole-fails-an-aggregate-relationshi-2787074f,buildingSMART IDS repository,IFC4,ids-validator-testcase,test-fragment,6,10,3,0.3
fail-the-container-entity-must-match-exactly-1-2-ee356f81,buildingSMART IDS repository,IFC4,ids-validator-testcase,test-fragment,5,7,2,0.2857142857142857
fail-the-container-itself-always-fails-6287e30d,buildingSMART IDS repository,IFC4,ids-validator-testcase,test-fragment,5,7,2,0.2857142857142857
fail-the-container-must-be-related-using-specified-relat-ead16789,buildingSMART IDS repository,IFC4,ids-validator-testcase,test-fragment,6,8,3,0.375
fail-the-container-predefined-type-must-match-exactly-1--29d58c5b,buildingSMART IDS repository,IFC4,ids-validator-testcase,test-fragment,5,7,2,0.2857142857142857
fail-the-containment-can-be-indirect-2-2-af43df88,buildingSMART IDS repository,IFC4,ids-validator-testcase,test-fragment,6,8,3,0.375
fail-the-nest-entity-must-match-exactly-1-2-2cb2c7d8,buildingSMART IDS repository,IFC4,ids-validator-testcase,test-fragment,4,8,2,0.25
fail-the-nest-predefined-type-must-match-exactly-1-2-f4effee7,buildingSMART IDS repository,IFC4,ids-validator-testcase,test-fragment,4,8,3,0.375
fail-unit-conversions-shall-take-place-to-ids-nominated--9e81c1f6,buildingSMART IDS repository,IFC4,ids-validator-testcase,test-fragment,6,6,1,0.16666666666666666
fail-user-defined-types-are-checked-case-sensitively-41bee61b,buildingSMART IDS repository,IFC4,ids-validator-testcase,test-fragment,6,6,2,0.3333333333333333
fail-value-restrictions-may-be-used-3-3-9a8ae1a7,buildingSMART IDS repository,IFC4,ids-validator-testcase,test-fragment,6,6,2,0.3333333333333333
invalid-a-group-predefined-type-must-match-exactly-1-2-96743a5a,buildingSMART IDS repository,IFC4,ids-validator-testcase,test-fragment,4,4,1,0.25
invalid-an-entity-not-matching-the-specified-class-shoul-5d9a5e58,buildingSMART IDS repository,IFC4,ids-validator-testcase,test-fragment,5,5,1,0.2
invalid-booleans-must-be-specified-as-lowercase-strings--ab15f350,buildingSMART IDS repository,IFC4,ids-validator-testcase,test-fragment,6,6,1,0.16666666666666666
invalid-entities-can-be-specified-as-a-xsd-regex-pattern-ee76b476,buildingSMART IDS repository,IFC4,ids-validator-testcase,test-fragment,6,6,1,0.16666666666666666
invalid-entities-can-be-specified-as-an-enumeration-3-3-f3e0d192,buildingSMART IDS repository,IFC4,ids-validator-testcase,test-fragment,5,5,1,0.2
invalid-entities-must-be-specified-as-uppercase-strings-8eea81e3,buildingSMART IDS repository,IFC4,ids-validator-testcase,test-fragment,6,6,1,0.16666666666666666
invalid-integer-values-are-checked-using-type-casting-4--a6d843fe,buildingSMART IDS repository,IFC4,ids-validator-testcase,test-fragment,6,6,1,0.16666666666666666
invalid-integer-values-cannot-be-stored-with-decimal-2-4-839e514b,buildingSMART IDS repository,IFC4,ids-validator-testcase,test-fragment,6,6,1,0.16666666666666666
invalid-integer-values-cannot-be-stored-with-decimal-3-4-2cef7663,buildingSMART IDS repository,IFC4,ids-validator-testcase,test-fragment,6,6,1,0.16666666666666666
invalid-integers-cannot-be-expressed-as-floating-point-n-e2e01623,buildingSMART IDS repository,IFC4,ids-validator-testcase,test-fragment,4,4,1,0.25
invalid-invalid-attribute-names-always-fail-15f9ad19,buildingSMART IDS repository,IFC4,ids-validator-testcase,test-fragment,6,6,1,0.16666666666666666
invalid-invalid-entities-always-fail-c6620761,buildingSMART IDS repository,IFC4,ids-validator-testcase,test-fragment,6,6,1,0.16666666666666666
invalid-only-specifically-formatted-numbers-are-allowed--11488ebf,buildingSMART IDS repository,IFC4,ids-validator-testcase,test-fragment,6,6,1,0.16666666666666666
invalid-only-specifically-formatted-numbers-are-allowed--befe15d8,buildingSMART IDS repository,IFC4,ids-validator-testcase,test-fragment,6,6,1,0.16666666666666666
invalid-prohibited-specifications-invalid-if-requirement-f152189d,buildingSMART IDS repository,IFC4,ids-validator-testcase,test-fragment,6,6,2,0.3333333333333333
invalid-specifying-a-float-when-the-value-is-an-integer--23967324,buildingSMART IDS repository,IFC4,ids-validator-testcase,test-fragment,4,4,1,0.25
invalid-subclasses-are-not-considered-as-matching-922cf776,buildingSMART IDS repository,IFC4,ids-validator-testcase,test-fragment,6,6,1,0.16666666666666666
pass-a-classification-facet-with-no-data-matches-any-cla-9e6a3070,buildingSMART IDS repository,IFC4,ids-validator-testcase,test-fragment,6,21,4,0.19047619047619047
pass-a-group-entity-must-match-exactly-2-2-12c25f29,buildingSMART IDS repository,IFC4,ids-validator-testcase,test-fragment,4,4,1,0.25
pass-a-group-predefined-type-must-match-exactly-2-2-64224726,buildingSMART IDS repository,IFC4,ids-validator-testcase,test-fragment,4,4,1,0.25
pass-a-grouped-element-passes-a-group-relationship-d5b6ed97,buildingSMART IDS repository,IFC4,ids-validator-testcase,test-fragment,4,4,1,0.25
pass-a-layer-set-name-will-pass-a-value-check-29d852a1,buildingSMART IDS repository,IFC4,ids-validator-testcase,test-fragment,6,6,2,0.3333333333333333
pass-a-matching-entity-should-pass-1b462173,buildingSMART IDS repository,IFC4,ids-validator-testcase,test-fragment,6,6,1,0.16666666666666666
pass-a-matching-predefined-type-should-pass-c3e15ae7,buildingSMART IDS repository,IFC4,ids-validator-testcase,test-fragment,6,6,2,0.3333333333333333
pass-a-material-category-may-pass-the-value-check-725422fe,buildingSMART IDS repository,IFC4,ids-validator-testcase,test-fragment,6,6,2,0.3333333333333333
pass-a-material-name-may-pass-the-value-check-7677391f,buildingSMART IDS repository,IFC4,ids-validator-testcase,test-fragment,6,6,2,0.3333333333333333
pass-a-minimal-ids-can-check-a-minimal-ifc-2-2-1bd6c51d,buildingSMART IDS repository,IFC4,ids-validator-testcase,test-fragment,6,12,4,0.3333333333333333
pass-a-name-check-will-match-any-property-with-any-strin-062c1d4f,buildingSMART IDS repository,IFC4,ids-validator-testcase,test-fragment,6,6,1,0.16666666666666666
pass-a-name-check-will-match-any-quantity-with-any-value-eae2fb46,buildingSMART IDS repository,IFC4,ids-validator-testcase,test-fragment,6,6,1,0.16666666666666666
pass-a-number-specified-as-a-string-is-treated-as-a-stri-1691de54,buildingSMART IDS repository,IFC4,ids-validator-testcase,test-fragment,6,6,1,0.16666666666666666
pass-a-predefined-type-may-specify-a-user-defined-object-686f8d1a,buildingSMART IDS repository,IFC4,ids-validator-testcase,test-fragment,6,6,2,0.3333333333333333
pass-a-property-set-to-false-is-still-considered-a-value-cc96c3bc,buildingSMART IDS repository,IFC4,ids-validator-testcase,test-fragment,6,6,1,0.16666666666666666
pass-a-property-set-to-true-will-pass-a-name-check-60a6fdbd,buildingSMART IDS repository,IFC4,ids-validator-testcase,test-fragment,6,6,1,0.16666666666666666
pass-a-required-facet-checks-all-parameters-as-normal-45edfc66,buildingSMART IDS repository,IFC4,ids-validator-testcase,test-fragment,6,6,2,0.3333333333333333
pass-a-required-facet-checks-all-parameters-as-normal-53219836,buildingSMART IDS repository,IFC4,ids-validator-testcase,test-fragment,6,6,2,0.3333333333333333
pass-a-required-facet-checks-all-parameters-as-normal-5b8d276a,buildingSMART IDS repository,IFC4,ids-validator-testcase,test-fragment,6,10,3,0.3
pass-a-required-facet-checks-all-parameters-as-normal-6372f302,buildingSMART IDS repository,IFC4,ids-validator-testcase,test-fragment,6,21,4,0.19047619047619047
pass-a-required-facet-checks-all-parameters-as-normal-b1278f37,buildingSMART IDS repository,IFC4,ids-validator-testcase,test-fragment,6,6,1,0.16666666666666666
pass-a-specification-passes-only-if-all-requirements-pas-1ea36d94,buildingSMART IDS repository,IFC4,ids-validator-testcase,test-fragment,6,6,2,0.3333333333333333
pass-a-zero-duration-will-pass-122780a4,buildingSMART IDS repository,IFC4,ids-validator-testcase,test-fragment,6,6,1,0.16666666666666666
pass-all-matching-properties-must-satisfy-requirements-1-92998b86,buildingSMART IDS repository,IFC4,ids-validator-testcase,test-fragment,6,6,1,0.16666666666666666
pass-all-matching-properties-must-satisfy-requirements-2-839f6576,buildingSMART IDS repository,IFC4,ids-validator-testcase,test-fragment,6,6,1,0.16666666666666666
pass-all-matching-property-sets-must-satisfy-requirement-0e811c90,buildingSMART IDS repository,IFC4,ids-validator-testcase,test-fragment,6,6,1,0.16666666666666666
pass-all-matching-property-sets-must-satisfy-requirement-32db133c,buildingSMART IDS repository,IFC4,ids-validator-testcase,test-fragment,6,6,1,0.16666666666666666
pass-an-aggregate-entity-may-pass-any-ancestral-whole-pa-88d5b49e,buildingSMART IDS repository,IFC4,ids-validator-testcase,test-fragment,5,14,5,0.35714285714285715
pass-an-aggregate-may-specify-the-entity-of-the-whole-1--54ac356f,buildingSMART IDS repository,IFC4,ids-validator-testcase,test-fragment,5,10,3,0.3
pass-an-aggregate-may-specify-the-predefined-type-of-the-06fc5840,buildingSMART IDS repository,IFC4,ids-validator-testcase,test-fragment,5,10,4,0.4
pass-an-enumeration-matches-case-sensitively-1-3-54c5485a,buildingSMART IDS repository,IFC4,ids-validator-testcase,test-fragment,6,6,2,0.3333333333333333
pass-an-enumeration-matches-case-sensitively-2-3-ec1d6cdb,buildingSMART IDS repository,IFC4,ids-validator-testcase,test-fragment,6,6,2,0.3333333333333333
pass-an-matching-entity-should-pass-regardless-of-predef-97feba0d,buildingSMART IDS repository,IFC4,ids-validator-testcase,test-fragment,6,6,2,0.3333333333333333
pass-an-optional-attribute-passes-if-null-4dea7d59,buildingSMART IDS repository,IFC4,ids-validator-testcase,test-fragment,6,6,1,0.16666666666666666
pass-an-optional-attribute-passes-if-specified-75768f49,buildingSMART IDS repository,IFC4,ids-validator-testcase,test-fragment,6,6,2,0.3333333333333333
pass-an-optional-classification-value-passes-if-null-4c94cbaf,buildingSMART IDS repository,IFC4,ids-validator-testcase,test-fragment,6,6,1,0.16666666666666666
pass-an-optional-classification-value-passes-if-specifie-4acc4efe,buildingSMART IDS repository,IFC4,ids-validator-testcase,test-fragment,6,6,1,0.16666666666666666
pass-an-optional-facet-always-passes-regardless-of-outco-477534b7,buildingSMART IDS repository,IFC4,ids-validator-testcase,test-fragment,6,6,1,0.16666666666666666
pass-an-optional-facet-always-passes-regardless-of-outco-c0d379e1,buildingSMART IDS repository,IFC4,ids-validator-testcase,test-fragment,6,6,1,0.16666666666666666
pass-an-optional-material-passes-if-null-d4905124,buildingSMART IDS repository,IFC4,ids-validator-testcase,test-fragment,6,6,1,0.16666666666666666
pass-an-optional-material-passes-if-specified-a47c4d70,buildingSMART IDS repository,IFC4,ids-validator-testcase,test-fragment,6,6,2,0.3333333333333333
pass-any-constituent-category-in-a-constituent-set-will--413dedac,buildingSMART IDS repository,IFC4,ids-validator-testcase,test-fragment,6,6,2,0.3333333333333333
pass-any-constituent-name-in-a-constituent-set-will-pass-19f583dc,buildingSMART IDS repository,IFC4,ids-validator-testcase,test-fragment,6,6,2,0.3333333333333333
pass-any-contained-element-passes-a-containment-relation-e8c3bd08,buildingSMART IDS repository,IFC4,ids-validator-testcase,test-fragment,5,7,2,0.2857142857142857
pass-any-layer-category-in-a-layer-set-will-pass-a-value-ac7c5324,buildingSMART IDS repository,IFC4,ids-validator-testcase,test-fragment,6,6,2,0.3333333333333333
pass-any-layer-name-in-a-layer-set-will-pass-a-value-che-8c54d2f5,buildingSMART IDS repository,IFC4,ids-validator-testcase,test-fragment,6,6,2,0.3333333333333333
pass-any-matching-value-in-a-bounded-property-will-pass--6313b11a,buildingSMART IDS repository,IFC4,ids-validator-testcase,test-fragment,6,6,1,0.16666666666666666
pass-any-matching-value-in-a-bounded-property-will-pass--66030c24,buildingSMART IDS repository,IFC4,ids-validator-testcase,test-fragment,6,6,1,0.16666666666666666
pass-any-matching-value-in-a-bounded-property-will-pass--70df0c1c,buildingSMART IDS repository,IFC4,ids-validator-testcase,test-fragment,6,6,1,0.16666666666666666
pass-any-matching-value-in-a-list-property-will-pass-1-3-409c6218,buildingSMART IDS repository,IFC4,ids-validator-testcase,test-fragment,6,6,1,0.16666666666666666
pass-any-matching-value-in-a-list-property-will-pass-2-3-366e3e67,buildingSMART IDS repository,IFC4,ids-validator-testcase,test-fragment,6,6,1,0.16666666666666666
pass-any-matching-value-in-a-table-property-will-pass-1--307ba642,buildingSMART IDS repository,IFC4,ids-validator-testcase,test-fragment,6,6,1,0.16666666666666666
pass-any-matching-value-in-a-table-property-will-pass-2--36eff4da,buildingSMART IDS repository,IFC4,ids-validator-testcase,test-fragment,6,6,1,0.16666666666666666
pass-any-matching-value-in-an-enumerated-property-will-p-492410a7,buildingSMART IDS repository,IFC4,ids-validator-testcase,test-fragment,6,6,1,0.16666666666666666
pass-any-matching-value-in-an-enumerated-property-will-p-74a08009,buildingSMART IDS repository,IFC4,ids-validator-testcase,test-fragment,6,6,1,0.16666666666666666
pass-any-material-category-in-a-constituent-set-will-pas-b9ef5da3,buildingSMART IDS repository,IFC4,ids-validator-testcase,test-fragment,6,6,2,0.3333333333333333
pass-any-material-category-in-a-layer-set-will-pass-a-va-9d0872a6,buildingSMART IDS repository,IFC4,ids-validator-testcase,test-fragment,6,6,2,0.3333333333333333
pass-any-material-category-in-a-list-will-pass-a-value-c-a5ab560d,buildingSMART IDS repository,IFC4,ids-validator-testcase,test-fragment,6,6,2,0.3333333333333333
pass-any-material-category-in-a-profile-set-will-pass-a--450313ce,buildingSMART IDS repository,IFC4,ids-validator-testcase,test-fragment,6,6,2,0.3333333333333333
pass-any-material-name-in-a-constituent-set-will-pass-a--415500f4,buildingSMART IDS repository,IFC4,ids-validator-testcase,test-fragment,6,6,2,0.3333333333333333
pass-any-material-name-in-a-layer-set-will-pass-a-value--e2b3d534,buildingSMART IDS repository,IFC4,ids-validator-testcase,test-fragment,6,6,2,0.3333333333333333
pass-any-material-name-in-a-list-will-pass-a-value-check-29249f01,buildingSMART IDS repository,IFC4,ids-validator-testcase,test-fragment,6,6,2,0.3333333333333333
pass-any-material-name-in-a-profile-set-will-pass-a-valu-ac6a909a,buildingSMART IDS repository,IFC4,ids-validator-testcase,test-fragment,6,6,2,0.3333333333333333
pass-any-nested-part-passes-a-nest-relationship-494035e5,buildingSMART IDS repository,IFC4,ids-validator-testcase,test-fragment,4,8,2,0.25
pass-any-profile-category-in-a-profile-set-will-pass-a-v-8a7a7449,buildingSMART IDS repository,IFC4,ids-validator-testcase,test-fragment,6,6,2,0.3333333333333333
pass-any-profile-name-in-a-profile-set-will-pass-a-value-790d9c9f,buildingSMART IDS repository,IFC4,ids-validator-testcase,test-fragment,6,6,2,0.3333333333333333
pass-attributes-should-check-strings-case-sensitively-1--3666b52d,buildingSMART IDS repository,IFC4,ids-validator-testcase,test-fragment,6,6,2,0.3333333333333333
pass-attributes-with-a-string-value-should-pass-a053963a,buildingSMART IDS repository,IFC4,ids-validator-testcase,test-fragment,6,6,2,0.3333333333333333
pass-booleans-must-be-specified-as-lowercase-strings-2-3-427db28a,buildingSMART IDS repository,IFC4,ids-validator-testcase,test-fragment,6,6,1,0.16666666666666666
pass-both-system-and-value-must-match-all-not-any-if-spe-381655dc,buildingSMART IDS repository,IFC4,ids-validator-testcase,test-fragment,6,21,4,0.19047619047619047
pass-comparison-tolerance-for-floating-point-negative-hi-1cc00fd3,buildingSMART IDS repository,IFC4,ids-validator-testcase,test-fragment,6,6,1,0.16666666666666666
pass-comparison-tolerance-for-floating-point-negative-hi-915037d0,buildingSMART IDS repository,IFC4,ids-validator-testcase,test-fragment,6,6,1,0.16666666666666666
pass-comparison-tolerance-for-floating-point-negative-lo-6baae9e5,buildingSMART IDS repository,IFC4,ids-validator-testcase,test-fragment,6,6,1,0.16666666666666666
pass-comparison-tolerance-for-floating-point-negative-lo-9088dcfb,buildingSMART IDS repository,IFC4,ids-validator-testcase,test-fragment,6,6,1,0.16666666666666666
pass-comparison-tolerance-for-floating-point-negative-on-b9e59acc,buildingSMART IDS repository,IFC4,ids-validator-testcase,test-fragment,6,6,1,0.16666666666666666
pass-comparison-tolerance-for-floating-point-negative-on-ff15bcc2,buildingSMART IDS repository,IFC4,ids-validator-testcase,test-fragment,6,6,1,0.16666666666666666
pass-comparison-tolerance-for-floating-point-one-lower-b-2b590e87,buildingSMART IDS repository,IFC4,ids-validator-testcase,test-fragment,6,6,1,0.16666666666666666
pass-comparison-tolerance-for-floating-point-one-upper-b-7f7f5d80,buildingSMART IDS repository,IFC4,ids-validator-testcase,test-fragment,6,6,1,0.16666666666666666
pass-comparison-tolerance-for-floating-point-positive-hi-ca1b7c1f,buildingSMART IDS repository,IFC4,ids-validator-testcase,test-fragment,6,6,1,0.16666666666666666
pass-comparison-tolerance-for-floating-point-positive-hi-db6c4b72,buildingSMART IDS repository,IFC4,ids-validator-testcase,test-fragment,6,6,1,0.16666666666666666
pass-comparison-tolerance-for-floating-point-positive-lo-9d538afb,buildingSMART IDS repository,IFC4,ids-validator-testcase,test-fragment,6,6,1,0.16666666666666666
pass-comparison-tolerance-for-floating-point-positive-lo-c959490d,buildingSMART IDS repository,IFC4,ids-validator-testcase,test-fragment,6,6,1,0.16666666666666666
pass-comparison-tolerance-for-floating-point-range-great-440000c0,buildingSMART IDS repository,IFC4,ids-validator-testcase,test-fragment,6,6,1,0.16666666666666666
pass-comparison-tolerance-for-floating-point-range-great-88720d7f,buildingSMART IDS repository,IFC4,ids-validator-testcase,test-fragment,6,6,1,0.16666666666666666
pass-comparison-tolerance-for-floating-point-range-lower-61828cda,buildingSMART IDS repository,IFC4,ids-validator-testcase,test-fragment,6,6,1,0.16666666666666666
pass-comparison-tolerance-for-floating-point-range-lower-a3fa2842,buildingSMART IDS repository,IFC4,ids-validator-testcase,test-fragment,6,6,1,0.16666666666666666
pass-comparison-tolerance-for-floating-point-zero-lower--35ed083f,buildingSMART IDS repository,IFC4,ids-validator-testcase,test-fragment,6,6,1,0.16666666666666666
pass-comparison-tolerance-for-floating-point-zero-upper--2491a419,buildingSMART IDS repository,IFC4,ids-validator-testcase,test-fragment,6,6,1,0.16666666666666666
pass-dates-are-treated-as-strings-1-2-52be13d3,buildingSMART IDS repository,IFC4,ids-validator-testcase,test-fragment,6,6,1,0.16666666666666666
pass-durations-are-treated-as-strings-2-2-a4cc253e,buildingSMART IDS repository,IFC4,ids-validator-testcase,test-fragment,6,6,1,0.16666666666666666
pass-elements-with-any-material-will-pass-an-empty-mater-5541745e,buildingSMART IDS repository,IFC4,ids-validator-testcase,test-fragment,6,6,2,0.3333333333333333
pass-entities-can-be-specified-as-an-enumeration-1-3-1465b2bb,buildingSMART IDS repository,IFC4,ids-validator-testcase,test-fragment,6,6,1,0.16666666666666666
pass-entities-can-be-specified-as-an-enumeration-2-3-cc433226,buildingSMART IDS repository,IFC4,ids-validator-testcase,test-fragment,5,5,1,0.2
pass-globalids-are-treated-as-strings-and-not-expanded-19160938,buildingSMART IDS repository,IFC4,ids-validator-testcase,test-fragment,6,6,1,0.16666666666666666
pass-if-multiple-properties-are-matched-all-values-must--198853b9,buildingSMART IDS repository,IFC4,ids-validator-testcase,test-fragment,6,6,1,0.16666666666666666
pass-inherited-predefined-types-should-pass-0d60e246,buildingSMART IDS repository,IFC4,ids-validator-testcase,test-fragment,6,6,2,0.3333333333333333
pass-integer-values-are-checked-using-type-casting-1-4-8e8c39a6,buildingSMART IDS repository,IFC4,ids-validator-testcase,test-fragment,6,6,1,0.16666666666666666
pass-integers-follow-the-same-rules-as-numbers-d6ff5c49,buildingSMART IDS repository,IFC4,ids-validator-testcase,test-fragment,4,4,1,0.25
pass-length-checks-can-be-used-2-2-29a4f5e0,buildingSMART IDS repository,IFC4,ids-validator-testcase,test-fragment,6,6,2,0.3333333333333333
pass-max-and-min-length-checks-can-be-used-2-3-45f71506,buildingSMART IDS repository,IFC4,ids-validator-testcase,test-fragment,6,6,2,0.3333333333333333
pass-max-and-min-length-checks-can-be-used-3-3-20a52ff4,buildingSMART IDS repository,IFC4,ids-validator-testcase,test-fragment,6,6,2,0.3333333333333333
pass-measures-are-used-to-specify-an-ifc-data-type-2-2-17e2d2bd,buildingSMART IDS repository,IFC4,ids-validator-testcase,test-fragment,6,6,1,0.16666666666666666
pass-name-restrictions-will-match-any-result-2-3-81997d9b,buildingSMART IDS repository,IFC4,ids-validator-testcase,test-fragment,6,6,2,0.3333333333333333
pass-name-restrictions-will-match-any-result-3-3-46b341b7,buildingSMART IDS repository,IFC4,ids-validator-testcase,test-fragment,6,6,1,0.16666666666666666
pass-nesting-may-be-indirect-d936c608,buildingSMART IDS repository,IFC4,ids-validator-testcase,test-fragment,4,12,3,0.25
pass-non-ascii-characters-are-treated-without-encoding-0e2482c5,buildingSMART IDS repository,IFC4,ids-validator-testcase,test-fragment,6,6,2,0.3333333333333333
pass-non-ascii-characters-are-treated-without-encoding-d9025245,buildingSMART IDS repository,IFC4,ids-validator-testcase,test-fragment,6,6,1,0.16666666666666666
pass-occurrences-can-inherit-materials-from-their-types-ace3146d,buildingSMART IDS repository,IFC4,ids-validator-testcase,test-fragment,6,6,3,0.5
pass-occurrences-can-override-materials-from-their-types-60eb220b,buildingSMART IDS repository,IFC4,ids-validator-testcase,test-fragment,6,6,3,0.5
pass-occurrences-override-the-type-classification-per-sy-48997660,buildingSMART IDS repository,IFC4,ids-validator-testcase,test-fragment,6,6,3,0.5
pass-occurrences-override-the-type-classification-per-sy-c169b940,buildingSMART IDS repository,IFC4,ids-validator-testcase,test-fragment,6,6,3,0.5
pass-only-specifically-formatted-numbers-are-allowed-3-4-8772c55d,buildingSMART IDS repository,IFC4,ids-validator-testcase,test-fragment,6,6,1,0.16666666666666666
pass-only-specifically-formatted-numbers-are-allowed-4-4-0362faf2,buildingSMART IDS repository,IFC4,ids-validator-testcase,test-fragment,6,6,1,0.16666666666666666
pass-optional-specifications-may-still-pass-if-nothing-i-cf636dae,buildingSMART IDS repository,IFC4,ids-validator-testcase,test-fragment,5,5,2,0.4
pass-overridden-predefined-types-should-pass-f30c8394,buildingSMART IDS repository,IFC4,ids-validator-testcase,test-fragment,6,6,2,0.3333333333333333
pass-predefined-properties-are-supported-but-discouraged-ea52a082,buildingSMART IDS repository,IFC4,ids-validator-testcase,test-fragment,7,7,1,0.14285714285714285
pass-prohibited-specifications-passes-if-the-applicabili-2eadacb8,buildingSMART IDS repository,IFC4,ids-validator-testcase,test-fragment,6,6,2,0.3333333333333333
pass-properties-can-be-inherited-from-the-type-1-2-1664c2b8,buildingSMART IDS repository,IFC4,ids-validator-testcase,test-fragment,6,6,2,0.3333333333333333
pass-properties-can-be-inherited-from-the-type-2-2-5b531d0b,buildingSMART IDS repository,IFC4,ids-validator-testcase,test-fragment,6,6,2,0.3333333333333333
pass-properties-can-be-overriden-by-an-occurrence-1-2-ed81a13e,buildingSMART IDS repository,IFC4,ids-validator-testcase,test-fragment,6,6,2,0.3333333333333333
pass-real-values-are-checked-using-type-casting-1-3-b7adbdda,buildingSMART IDS repository,IFC4,ids-validator-testcase,test-fragment,6,6,1,0.16666666666666666
pass-real-values-are-checked-using-type-casting-2-3-e8e9af00,buildingSMART IDS repository,IFC4,ids-validator-testcase,test-fragment,6,6,1,0.16666666666666666
pass-real-values-are-checked-using-type-casting-3-3-01305a2a,buildingSMART IDS repository,IFC4,ids-validator-testcase,test-fragment,6,6,1,0.16666666666666666
pass-regex-patterns-can-be-used-1-3-27d925f3,buildingSMART IDS repository,IFC4,ids-validator-testcase,test-fragment,6,6,2,0.3333333333333333
pass-regex-patterns-can-be-used-2-3-e0537f9e,buildingSMART IDS repository,IFC4,ids-validator-testcase,test-fragment,6,6,2,0.3333333333333333
pass-regex-patterns-work-in-OR-1-3-70e48842,buildingSMART IDS repository,IFC4,ids-validator-testcase,test-fragment,6,6,2,0.3333333333333333
pass-regex-patterns-work-in-OR-2-3-968b1748,buildingSMART IDS repository,IFC4,ids-validator-testcase,test-fragment,6,6,2,0.3333333333333333
pass-required-specifications-need-at-least-one-applicabl-01aeb887,buildingSMART IDS repository,IFC4,ids-validator-testcase,test-fragment,6,6,2,0.3333333333333333
pass-restrictions-can-be-specified-for-the-predefined-ty-a23ee097,buildingSMART IDS repository,IFC4,ids-validator-testcase,test-fragment,6,6,2,0.3333333333333333
pass-restrictions-can-be-specified-for-the-predefined-ty-daafdcd8,buildingSMART IDS repository,IFC4,ids-validator-testcase,test-fragment,6,6,2,0.3333333333333333
pass-restrictions-can-be-used-for-systems-2-2-13ea3f07,buildingSMART IDS repository,IFC4,ids-validator-testcase,test-fragment,6,21,4,0.19047619047619047
pass-restrictions-can-be-used-for-values-1-3-2fa136e1,buildingSMART IDS repository,IFC4,ids-validator-testcase,test-fragment,6,21,4,0.19047619047619047
pass-restrictions-can-be-used-for-values-2-3-d142fb65,buildingSMART IDS repository,IFC4,ids-validator-testcase,test-fragment,6,21,4,0.19047619047619047
pass-specification-optionality-and-facet-optionality-can-acfb3033,buildingSMART IDS repository,IFC4,ids-validator-testcase,test-fragment,6,6,2,0.3333333333333333
pass-specification-version-is-purely-metadata-and-does-n-434a6c87,buildingSMART IDS repository,IFC4,ids-validator-testcase,test-fragment,6,12,4,0.3333333333333333
pass-specifying-a-value-performs-a-case-sensitive-match--54f20075,buildingSMART IDS repository,IFC4,ids-validator-testcase,test-fragment,6,6,1,0.16666666666666666
pass-systems-should-match-exactly-1-5-790ad469,buildingSMART IDS repository,IFC4,ids-validator-testcase,test-fragment,6,21,4,0.19047619047619047
pass-systems-should-match-exactly-3-5-1a0ed02d,buildingSMART IDS repository,IFC4,ids-validator-testcase,test-fragment,6,21,4,0.19047619047619047
pass-systems-should-match-exactly-4-5-f9b3c8fa,buildingSMART IDS repository,IFC4,ids-validator-testcase,test-fragment,6,21,4,0.19047619047619047
pass-systems-should-match-exactly-5-5-675974fa,buildingSMART IDS repository,IFC4,ids-validator-testcase,test-fragment,6,21,4,0.19047619047619047
pass-the-aggregated-part-passes-an-aggregate-relationshi-a599ea05,buildingSMART IDS repository,IFC4,ids-validator-testcase,test-fragment,6,10,3,0.3
pass-the-container-entity-must-match-exactly-2-2-6c392477,buildingSMART IDS repository,IFC4,ids-validator-testcase,test-fragment,5,7,2,0.2857142857142857
pass-the-container-must-be-related-using-specified-relat-03fbb88a,buildingSMART IDS repository,IFC4,ids-validator-testcase,test-fragment,6,8,3,0.375
pass-the-container-predefined-type-must-match-exactly-2--29881b67,buildingSMART IDS repository,IFC4,ids-validator-testcase,test-fragment,5,7,2,0.2857142857142857
pass-the-containment-can-be-indirect-1-2-86412bda,buildingSMART IDS repository,IFC4,ids-validator-testcase,test-fragment,6,8,3,0.375
pass-the-nest-entity-must-match-exactly-2-2-e17a909f,buildingSMART IDS repository,IFC4,ids-validator-testcase,test-fragment,4,8,2,0.25
pass-the-nest-predefined-type-must-match-exactly-2-2-d662f34d,buildingSMART IDS repository,IFC4,ids-validator-testcase,test-fragment,4,8,3,0.375
pass-unit-conversions-shall-take-place-to-ids-nominated--2741b7d9,buildingSMART IDS repository,IFC4,ids-validator-testcase,test-fragment,6,6,1,0.16666666666666666
pass-value-restrictions-may-be-used-1-3-087454cf,buildingSMART IDS repository,IFC4,ids-validator-testcase,test-fragment,6,6,2,0.3333333333333333
pass-value-restrictions-may-be-used-2-3-4ddb5ded,buildingSMART IDS repository,IFC4,ids-validator-testcase,test-fragment,6,6,2,0.3333333333333333
pass-values-should-match-exactly-if-lightweight-classifi-a5f9ccb9,buildingSMART IDS repository,IFC4,ids-validator-testcase,test-fragment,6,21,4,0.19047619047619047
project-and-site-233f0ac5,buildingSMART IDS repository,IFC2X3,test-fragment,complete-ish,10,18733,13425,0.7166497624512892
tessellated-item-dd47ad0b,buildingSMART Sample-Test-Files,IFC4,test-fragment,test-fragment,4,4,3,0.75
tessellation-with-individual-colors-96cb0214,buildingSMART Sample-Test-Files,IFC4,test-fragment,test-fragment,4,4,3,0.75
wall-with-opening-and-window-cad830f8,buildingSMART Sample-Test-Files,IFC4,test-fragment,test-fragment,8,17,15,0.8823529411764706
